Store Name,Uber Eats url
Col'Cacchio - DAINFERN SQUARE,https://www.ubereats.com/za/store/colcacchio-go-dainfern/oVpo3Z9cSx-Di-_4XestLg
Col'Cacchio - Waterfall,https://www.ubereats.com/za/store/colcacchio-go-waterfall/xZURGPcfS6qBmWNfPbuvgQ
Col'cacchio Fourways-Montecasino,https://www.ubereats.com/za/store/colcacchio-fourways-montecasino/kzCiJmRWXS-xE06xfVHDug
Col'Cacchio GO Benmore,https://www.ubereats.com/za/store/colcacchio-go-benmore/oxM5bWGyT1aBGigGAfWc1Q
Col'Cacchio GO Dainfern,https://www.ubereats.com/za/store/colcacchio-go-dainfern/oVpo3Z9cSx-Di-_4XestLg
"Col'Cacchio GO, Waterfall",https://www.ubereats.com/za/store/colcacchio-go-waterfall/xZURGPcfS6qBmWNfPbuvgQ
"Col'Cacchio, Brooklyn",https://www.ubereats.com/za/store/colcacchio-brooklyn/f_h2d3VPU1KtD2CgkSo4wg
"Col'Cacchio, Bryanston",https://www.ubereats.com/za/store/colcacchio-bryanston/AULptHMKSzmJsjHU15j0WA
"Col'Cacchio, Northcliff",https://www.ubereats.com/za/store/colcacchio-northcliff/g2loeWVhREmvrE5mWM_VZw
"Col'Cacchio GO, Hillcrest",https://www.ubereats.com/za/store/colcacchio-go-hillcrest/0hoGZqblX5222-3ZLAuRkg
"Col'Cacchio GO, Mackeurtan",https://www.ubereats.com/za/store/colcacchio-go-mackeurtan/3evDw3xuVZCBVE6LCuaJmQ
"Col'Cacchio, Florida Road",https://www.ubereats.com/za/store/colcacchio-florida-road/nUeWb_a0WsiqxfBsRKyEEQ
Col'Cacchio GO Haasendal,https://www.ubereats.com/za/store/colcacchio-go-haasendal/Cz4wsV5DUGipg4Ud0C5-8g
"Col'Cacchio GO, Old Biscuit Mill",https://www.ubereats.com/za/store/colcacchio-go-old-biscuit-mill/GFmKEcQuXuSEfcn5zojTng
"Col'Cacchio GO, Westlake",https://www.ubereats.com/za/store/colcacchio-go-westlake/yoUAPkXmVMG59qBfX3z_5A
"Col'Cacchio, Belvedere Square",https://www.ubereats.com/za/store/colcacchio-belvedere-square/8Bf1ZhPPRAOBRvuzmY6vDQ
"Col'Cacchio, Blouberg",https://www.ubereats.com/za/store/colcacchio-blouberg/PFYv7xxlX4KWsedHWF3tDw
"Col'Cacchio, Camps Bay",https://www.ubereats.com/za/store/colcacchio-camps-bay/jZNRnpu8VKuYrJNVehTG9A
"Col'Cacchio, Canal Walk - Halaal",https://www.ubereats.com/za/store/colcacchio-canal-walk-halaal/fCeY153zXCWhpiq2ng8aVg
"Col'Cacchio, Cavendish",https://www.ubereats.com/za/store/colcacchio-cavendish/9PFNqm9LRQaQAuidJ3QbmQ
"Col'Cacchio, Durbanville",https://www.ubereats.com/za/store/colcacchio-durbanville/x9I07y3SVfuWUDyhnz-8Uw
"Col'Cacchio, Foreshore",https://www.ubereats.com/za/store/colcacchio-foreshore/QL1PW9InT-enavj08xZb0Q
"Col'Cacchio, Meadowridge",https://www.ubereats.com/za/store/colcacchio-meadowridge/SAMQlIbRT3GVcO6QW0j2QA
"Col'Cacchio, Paardevlei",https://www.ubereats.com/za/store/colcacchio-paardevlei/3Wx_PuBcUmyKLnmkHJFAnA
"Col'Cacchio, Stellenbosch",https://www.ubereats.com/za/store/colcacchio-stellenbosch/CXxAS9j1WyqCUxZlGrYW6w
"Col'Cacchio, Willowbridge",https://www.ubereats.com/za/store/colcacchio-willowbridge/hLvAYxHdTdy1qg5-nN-oVQ